Name,Tactic,Status,Timeout,Duration,QE duration,RCF duration,Proof steps,Tactic size
Benchmarks/Basic/Static semantics correctness: Assignment 1,user,proved,60000,220,119,0,38,1
Name,Tactic,Status,Timeout,Duration,QE duration,RCF duration,Proof steps,Tactic size
Benchmarks/Basic/Static semantics correctness: Assignment 2,user,proved,60000,292,132,0,114,1
Name,Tactic,Status,Timeout,Duration,QE duration,RCF duration,Proof steps,Tactic size
Benchmarks/Basic/Static semantics correctness: Assignment 3,user,proved,60000,352,136,0,154,1
Name,Tactic,Status,Timeout,Duration,QE duration,RCF duration,Proof steps,Tactic size
Benchmarks/Basic/Static semantics correctness: Assignment 4,user,proved,60000,748,186,0,576,1
Name,Tactic,Status,Timeout,Duration,QE duration,RCF duration,Proof steps,Tactic size
Benchmarks/Basic/Static semantics correctness: Assignment 5,user,proved,60000,118,0,0,33,1
Name,Tactic,Status,Timeout,Duration,QE duration,RCF duration,Proof steps,Tactic size
Benchmarks/Basic/Static semantics correctness: Assignment 6,user,proved,60000,1517,1365,0,134,1
Name,Tactic,Status,Timeout,Duration,QE duration,RCF duration,Proof steps,Tactic size
Benchmarks/Basic/Static semantics correctness: Assignment 7,user,proved,60000,905,273,0,970,1
Name,Tactic,Status,Timeout,Duration,QE duration,RCF duration,Proof steps,Tactic size
Benchmarks/Basic/Static semantics correctness: Assignment 8,user,proved,60000,1142,315,0,925,1
Name,Tactic,Status,Timeout,Duration,QE duration,RCF duration,Proof steps,Tactic size
Benchmarks/Basic/Static semantics correctness: Assignment 9,user,proved,60000,934,295,0,490,1
Name,Tactic,Status,Timeout,Duration,QE duration,RCF duration,Proof steps,Tactic size
Benchmarks/Basic/Dynamics: Cascaded,user,proved,60000,10997,545,0,1657,1
Name,Tactic,Status,Timeout,Duration,QE duration,RCF duration,Proof steps,Tactic size
Benchmarks/Basic/Dynamics: Single integrator time,user,proved,60000,558,224,0,164,1
Name,Tactic,Status,Timeout,Duration,QE duration,RCF duration,Proof steps,Tactic size
Benchmarks/Basic/Dynamics: Single integrator,user,proved,60000,535,182,0,152,1
Name,Tactic,Status,Timeout,Duration,QE duration,RCF duration,Proof steps,Tactic size
Benchmarks/Basic/Dynamics: Double integrator,user,proved,60000,1420,468,0,1330,1
Name,Tactic,Status,Timeout,Duration,QE duration,RCF duration,Proof steps,Tactic size
Benchmarks/Basic/Dynamics: Triple integrator,user,proved,60000,1707,566,0,1054,1
Name,Tactic,Status,Timeout,Duration,QE duration,RCF duration,Proof steps,Tactic size
Benchmarks/Basic/Dynamics: Exponential decay (1),user,proved,60000,976,328,0,318,1
Name,Tactic,Status,Timeout,Duration,QE duration,RCF duration,Proof steps,Tactic size
Benchmarks/Basic/Dynamics: Exponential decay (2),user,proved,60000,962,332,0,318,1
Name,Tactic,Status,Timeout,Duration,QE duration,RCF duration,Proof steps,Tactic size
Benchmarks/Basic/Dynamics: Exponential decay (3),user,proved,60000,1008,375,0,377,1
Name,Tactic,Status,Timeout,Duration,QE duration,RCF duration,Proof steps,Tactic size
Benchmarks/Basic/Dynamics: Exponential growth (1),user,proved,60000,750,190,0,307,1
Name,Tactic,Status,Timeout,Duration,QE duration,RCF duration,Proof steps,Tactic size
Benchmarks/Basic/Dynamics: Exponential growth (2),user,proved,60000,1048,270,0,523,1
Name,Tactic,Status,Timeout,Duration,QE duration,RCF duration,Proof steps,Tactic size
Benchmarks/Basic/Dynamics: Exponential growth (4),user,proved,60000,1031,455,0,335,1
Name,Tactic,Status,Timeout,Duration,QE duration,RCF duration,Proof steps,Tactic size
Benchmarks/Basic/Dynamics: Exponential growth (5),user,proved,60000,9944,220,0,507,1
Name,Tactic,Status,Timeout,Duration,QE duration,RCF duration,Proof steps,Tactic size
Benchmarks/Basic/Dynamics: Rotational dynamics (1),user,proved,60000,1043,329,0,678,1
Name,Tactic,Status,Timeout,Duration,QE duration,RCF duration,Proof steps,Tactic size
Benchmarks/Basic/Dynamics: Rotational dynamics (2),user,proved,60000,2726,911,0,3517,1
Name,Tactic,Status,Timeout,Duration,QE duration,RCF duration,Proof steps,Tactic size
Benchmarks/Basic/Dynamics: Rotational dynamics (3),user,proved,60000,1789,728,0,2245,1
Name,Tactic,Status,Timeout,Duration,QE duration,RCF duration,Proof steps,Tactic size
Benchmarks/Basic/Dynamics: Spiral to equilibrium,user,proved,60000,1285,385,0,782,1
Name,Tactic,Status,Timeout,Duration,QE duration,RCF duration,Proof steps,Tactic size
Benchmarks/Basic/Dynamics: Open cases,user,proved,60000,1459,503,0,837,1
Name,Tactic,Status,Timeout,Duration,QE duration,RCF duration,Proof steps,Tactic size
Benchmarks/Basic/Dynamics: Closed cases,user,proved,60000,691,268,0,426,1
Name,Tactic,Status,Timeout,Duration,QE duration,RCF duration,Proof steps,Tactic size
Benchmarks/Basic/Dynamics: Conserved quantity,user,proved,60000,946,397,0,513,1
Name,Tactic,Status,Timeout,Duration,QE duration,RCF duration,Proof steps,Tactic size
Benchmarks/Basic/Dynamics: Darboux equality,user,failed,60000,-1,-1,-1,-1,-1
Name,Tactic,Status,Timeout,Duration,QE duration,RCF duration,Proof steps,Tactic size
Benchmarks/Basic/Dynamics: Fractional Darboux equality,user,failed,60000,-1,-1,-1,-1,-1
Name,Tactic,Status,Timeout,Duration,QE duration,RCF duration,Proof steps,Tactic size
Benchmarks/Basic/Dynamics: Darboux inequality,user,failed,60000,-1,-1,-1,-1,-1
Name,Tactic,Status,Timeout,Duration,QE duration,RCF duration,Proof steps,Tactic size
Benchmarks/Basic/Dynamics: Bifurcation,user,failed,60000,-1,-1,-1,-1,-1
Name,Tactic,Status,Timeout,Duration,QE duration,RCF duration,Proof steps,Tactic size
Benchmarks/Basic/Dynamics: Parametric switching between two different damped oscillators,user,proved,60000,11891,299,0,1576,1
Name,Tactic,Status,Timeout,Duration,QE duration,RCF duration,Proof steps,Tactic size
Benchmarks/Basic/Dynamics: Nonlinear 1,user,proved,60000,844,311,0,423,1
Name,Tactic,Status,Timeout,Duration,QE duration,RCF duration,Proof steps,Tactic size
Benchmarks/Basic/Dynamics: Nonlinear 2,user,proved,60000,794,298,0,454,1
Name,Tactic,Status,Timeout,Duration,QE duration,RCF duration,Proof steps,Tactic size
Benchmarks/Basic/Dynamics: Nonlinear 4,user,proved,60000,833,332,0,452,1
Name,Tactic,Status,Timeout,Duration,QE duration,RCF duration,Proof steps,Tactic size
Benchmarks/Basic/Dynamics: Nonlinear 5,user,proved,60000,801,276,0,387,1
Name,Tactic,Status,Timeout,Duration,QE duration,RCF duration,Proof steps,Tactic size
Benchmarks/Basic/Dynamics: Riccati,user,proved,60000,815,297,0,274,1
Name,Tactic,Status,Timeout,Duration,QE duration,RCF duration,Proof steps,Tactic size
Benchmarks/Basic/Dynamics: Nonlinear differential cut,user,proved,60000,3272,611,0,927,1
Name,Tactic,Status,Timeout,Duration,QE duration,RCF duration,Proof steps,Tactic size
Benchmarks/Basic/Affine: Overdamped Door Closing Mechanism,user,timeout,60000,-1,-1,-1,-1,-1
Name,Tactic,Status,Timeout,Duration,QE duration,RCF duration,Proof steps,Tactic size
Benchmarks/Basic/STTT Tutorial: Example 1,user,proved,60000,586,234,0,220,1
Name,Tactic,Status,Timeout,Duration,QE duration,RCF duration,Proof steps,Tactic size
Benchmarks/Basic/STTT Tutorial: Example 2,user,proved,60000,1220,419,0,1910,1
Name,Tactic,Status,Timeout,Duration,QE duration,RCF duration,Proof steps,Tactic size
Benchmarks/Basic/STTT Tutorial: Example 3a,user,proved,60000,4841,2502,0,5824,1
Name,Tactic,Status,Timeout,Duration,QE duration,RCF duration,Proof steps,Tactic size
Benchmarks/Basic/STTT Tutorial: Example 4a,user,proved,60000,1182,405,0,1889,1
Name,Tactic,Status,Timeout,Duration,QE duration,RCF duration,Proof steps,Tactic size
Benchmarks/Basic/STTT Tutorial: Example 4b,user,proved,60000,1081,343,0,1740,1
Name,Tactic,Status,Timeout,Duration,QE duration,RCF duration,Proof steps,Tactic size
Benchmarks/Basic/STTT Tutorial: Example 4c,user,proved,60000,1807,578,0,2185,1
Name,Tactic,Status,Timeout,Duration,QE duration,RCF duration,Proof steps,Tactic size
Benchmarks/Basic/STTT Tutorial: Example 5,user,proved,60000,2967,1830,0,3796,1
Name,Tactic,Status,Timeout,Duration,QE duration,RCF duration,Proof steps,Tactic size
Benchmarks/Basic/STTT Tutorial: Example 6,user,proved,60000,3104,1995,0,3834,1
Name,Tactic,Status,Timeout,Duration,QE duration,RCF duration,Proof steps,Tactic size
Benchmarks/Basic/STTT Tutorial: Example 7,user,proved,60000,3504,2347,0,3965,1
Name,Tactic,Status,Timeout,Duration,QE duration,RCF duration,Proof steps,Tactic size
Benchmarks/Basic/STTT Tutorial: Example 9a,user,proved,60000,885,407,0,547,1
Name,Tactic,Status,Timeout,Duration,QE duration,RCF duration,Proof steps,Tactic size
Benchmarks/Basic/STTT Tutorial: Example 9b,user,proved,60000,9373,2175,0,3352,1
Name,Tactic,Status,Timeout,Duration,QE duration,RCF duration,Proof steps,Tactic size
Benchmarks/Basic/STTT Tutorial: Example 10,user,timeout,60000,-1,-1,-1,-1,-1
Name,Tactic,Status,Timeout,Duration,QE duration,RCF duration,Proof steps,Tactic size
Benchmarks/Basic/LICS: Example 1 Continuous car accelerates forward,user,proved,60000,228,16,0,61,1
Name,Tactic,Status,Timeout,Duration,QE duration,RCF duration,Proof steps,Tactic size
Benchmarks/Basic/LICS: Example 2 Single car drives forward,user,proved,60000,1119,373,0,1791,1
Name,Tactic,Status,Timeout,Duration,QE duration,RCF duration,Proof steps,Tactic size
Benchmarks/Basic/LICS: Example 3a event-triggered car drives forward,user,proved,60000,1199,387,0,1843,1
Name,Tactic,Status,Timeout,Duration,QE duration,RCF duration,Proof steps,Tactic size
Benchmarks/Basic/LICS: Example 4a safe stopping of time-triggered car,user,proved,60000,2936,1848,0,3486,1
Name,Tactic,Status,Timeout,Duration,QE duration,RCF duration,Proof steps,Tactic size
Benchmarks/Basic/LICS: Example 4b progress of time-triggered car,user,failed,60000,-1,-1,-1,-1,-1
Name,Tactic,Status,Timeout,Duration,QE duration,RCF duration,Proof steps,Tactic size
Benchmarks/Basic/LICS: Example 4c relative safety of time-triggered car,user,proved,60000,3291,1955,0,5003,1
Name,Tactic,Status,Timeout,Duration,QE duration,RCF duration,Proof steps,Tactic size
Benchmarks/Basic/LICS: Example 5 Controllability Equivalence,user,proved,60000,3548,737,0,2979,1
Name,Tactic,Status,Timeout,Duration,QE duration,RCF duration,Proof steps,Tactic size
Benchmarks/Basic/LICS: Example 6 MPC Acceleration Equivalence,user,failed,60000,-1,-1,-1,-1,-1
Name,Tactic,Status,Timeout,Duration,QE duration,RCF duration,Proof steps,Tactic size
Benchmarks/Basic/LICS: Example 7 Model-Predictive Control Design Car,user,failed,60000,-1,-1,-1,-1,-1
